{
  "project_info": {
    "project_number": "250453882136",
    "firebase_url": "https://bankapp-6e245.firebaseio.com",
    "project_id": "bankapp-6e245",
    "storage_bucket": "bankapp-6e245.appspot.com"
  },
  "client": [
    {
      "client_info": {
        "mobilesdk_app_id": "1:250453882136:android:724c5347867232d3f1da6d",
        "android_client_info": {
          "package_name": "com.aradhana.bankapp"
        }
      },
      "oauth_client": [
        {
          "client_id": "250453882136-k53gogq8r0jb46mbsng5gqg2j6urdla2.apps.googleusercontent.com",
          "client_type": 3
        }
      ],
      "api_key": [
        {
          "current_key": "AIzaSyALlYyGfj1_eV7-_1Dh7Bql_YBLij1jTCE"
        }
      ],
      "services": {
        "appinvite_service": {
          "other_platform_oauth_client": [
            {
              "client_id": "250453882136-k53gogq8r0jb46mbsng5gqg2j6urdla2.apps.googleusercontent.com",
              "client_type": 3
            }
          ]
        }
      }
    }
  ],
  "configuration_version": "1"
}